timeStamp,elapsed,label,responseCode,responseMessage,threadName,dataType,success,failureMessage,bytes,sentBytes,grpThreads,allThreads,URL,Latency,IdleTime,Connect
1626862805046,47,HTTP Request_GET,200,OK,Thread Group 1-1,text,true,,190,265,1,1,http://localhost:3000/,47,0,2
1626862805094,16,HTTP Request_GET_Health_Check ,200,OK,Thread Group 1-1,text,true,,165,128,1,1,http://localhost:3000/health_check,16,0,0
1626862805111,44,HTTP Request_GET_Posts,200,OK,Thread Group 1-1,text,true,,191,251,2,2,http://localhost:3000/posts/,44,0,0
1626862805153,9,HTTP Request_GET,200,OK,Thread Group 1-2,text,true,,190,265,1,1,http://localhost:3000/,9,0,1
1626862805163,4,HTTP Request_GET_Health_Check ,200,OK,Thread Group 1-2,text,true,,165,128,1,1,http://localhost:3000/health_check,4,0,0
1626862805168,6,HTTP Request_GET_Posts,200,OK,Thread Group 1-2,text,true,,191,251,1,1,http://localhost:3000/posts/,6,0,0
1626862805253,10,HTTP Request_GET,200,OK,Thread Group 1-3,text,true,,190,265,1,1,http://localhost:3000/,10,0,1
1626862805263,4,HTTP Request_GET_Health_Check ,200,OK,Thread Group 1-3,text,true,,165,128,1,1,http://localhost:3000/health_check,4,0,0
1626862805267,6,HTTP Request_GET_Posts,200,OK,Thread Group 1-3,text,true,,191,251,1,1,http://localhost:3000/posts/,6,0,0
1626862805357,7,HTTP Request_GET,200,OK,Thread Group 1-4,text,true,,190,265,1,1,http://localhost:3000/,7,0,1
1626862805364,4,HTTP Request_GET_Health_Check ,200,OK,Thread Group 1-4,text,true,,165,128,1,1,http://localhost:3000/health_check,4,0,0
1626862805368,6,HTTP Request_GET_Posts,200,OK,Thread Group 1-4,text,true,,191,251,1,1,http://localhost:3000/posts/,6,0,0
1626862805452,6,HTTP Request_GET,200,OK,Thread Group 1-5,text,true,,190,265,1,1,http://localhost:3000/,6,0,1
1626862805459,4,HTTP Request_GET_Health_Check ,200,OK,Thread Group 1-5,text,true,,165,128,1,1,http://localhost:3000/health_check,4,0,0
1626862805463,5,HTTP Request_GET_Posts,200,OK,Thread Group 1-5,text,true,,191,251,1,1,http://localhost:3000/posts/,5,0,0
1626862805538,12,HTTP Request_GET,200,OK,Thread Group 1-6,text,true,,190,265,1,1,http://localhost:3000/,12,0,1
1626862805551,3,HTTP Request_GET_Health_Check ,200,OK,Thread Group 1-6,text,true,,165,128,1,1,http://localhost:3000/health_check,3,0,0
1626862805555,6,HTTP Request_GET_Posts,200,OK,Thread Group 1-6,text,true,,191,251,1,1,http://localhost:3000/posts/,6,0,0
1626862805638,6,HTTP Request_GET,200,OK,Thread Group 1-7,text,true,,190,265,1,1,http://localhost:3000/,6,0,1
1626862805645,3,HTTP Request_GET_Health_Check ,200,OK,Thread Group 1-7,text,true,,165,128,1,1,http://localhost:3000/health_check,3,0,0
1626862805649,5,HTTP Request_GET_Posts,200,OK,Thread Group 1-7,text,true,,191,251,1,1,http://localhost:3000/posts/,5,0,0
1626862805738,7,HTTP Request_GET,200,OK,Thread Group 1-8,text,true,,190,265,1,1,http://localhost:3000/,7,0,2
1626862805745,4,HTTP Request_GET_Health_Check ,200,OK,Thread Group 1-8,text,true,,165,128,1,1,http://localhost:3000/health_check,4,0,0
1626862805750,10,HTTP Request_GET_Posts,200,OK,Thread Group 1-8,text,true,,191,251,1,1,http://localhost:3000/posts/,9,0,0
1626862805838,7,HTTP Request_GET,200,OK,Thread Group 1-9,text,true,,190,265,1,1,http://localhost:3000/,7,0,1
1626862805845,4,HTTP Request_GET_Health_Check ,200,OK,Thread Group 1-9,text,true,,165,128,1,1,http://localhost:3000/health_check,4,0,0
1626862805850,24,HTTP Request_GET_Posts,200,OK,Thread Group 1-9,text,true,,191,251,1,1,http://localhost:3000/posts/,24,0,0
1626862805940,8,HTTP Request_GET,200,OK,Thread Group 1-10,text,true,,190,265,1,1,http://localhost:3000/,8,0,1
1626862805949,3,HTTP Request_GET_Health_Check ,200,OK,Thread Group 1-10,text,true,,165,128,1,1,http://localhost:3000/health_check,3,0,0
1626862805953,5,HTTP Request_GET_Posts,200,OK,Thread Group 1-10,text,true,,191,251,1,1,http://localhost:3000/posts/,5,0,0
1626862806037,10,HTTP Request_GET,200,OK,Thread Group 1-11,text,true,,190,265,1,1,http://localhost:3000/,10,0,2
1626862806047,4,HTTP Request_GET_Health_Check ,200,OK,Thread Group 1-11,text,true,,165,128,1,1,http://localhost:3000/health_check,4,0,0
1626862806052,5,HTTP Request_GET_Posts,200,OK,Thread Group 1-11,text,true,,191,251,1,1,http://localhost:3000/posts/,5,0,0
1626862806138,8,HTTP Request_GET,200,OK,Thread Group 1-12,text,true,,190,265,1,1,http://localhost:3000/,8,0,1
1626862806147,4,HTTP Request_GET_Health_Check ,200,OK,Thread Group 1-12,text,true,,165,128,1,1,http://localhost:3000/health_check,4,0,0
1626862806151,6,HTTP Request_GET_Posts,200,OK,Thread Group 1-12,text,true,,191,251,1,1,http://localhost:3000/posts/,6,0,0
1626862806231,11,HTTP Request_GET,200,OK,Thread Group 1-13,text,true,,190,265,1,1,http://localhost:3000/,11,0,1
1626862806242,4,HTTP Request_GET_Health_Check ,200,OK,Thread Group 1-13,text,true,,165,128,1,1,http://localhost:3000/health_check,4,0,0
1626862806247,6,HTTP Request_GET_Posts,200,OK,Thread Group 1-13,text,true,,191,251,1,1,http://localhost:3000/posts/,6,0,0
1626862806330,13,HTTP Request_GET,200,OK,Thread Group 1-14,text,true,,190,265,1,1,http://localhost:3000/,13,0,2
1626862806343,5,HTTP Request_GET_Health_Check ,200,OK,Thread Group 1-14,text,true,,165,128,1,1,http://localhost:3000/health_check,5,0,0
1626862806349,8,HTTP Request_GET_Posts,200,OK,Thread Group 1-14,text,true,,191,251,1,1,http://localhost:3000/posts/,8,0,0
1626862806430,10,HTTP Request_GET,200,OK,Thread Group 1-15,text,true,,190,265,1,1,http://localhost:3000/,10,0,1
1626862806441,8,HTTP Request_GET_Health_Check ,200,OK,Thread Group 1-15,text,true,,165,128,1,1,http://localhost:3000/health_check,8,0,0
1626862806450,7,HTTP Request_GET_Posts,200,OK,Thread Group 1-15,text,true,,191,251,1,1,http://localhost:3000/posts/,6,0,0
1626862806530,7,HTTP Request_GET,200,OK,Thread Group 1-16,text,true,,190,265,1,1,http://localhost:3000/,7,0,1
1626862806538,4,HTTP Request_GET_Health_Check ,200,OK,Thread Group 1-16,text,true,,165,128,1,1,http://localhost:3000/health_check,4,0,0
1626862806542,6,HTTP Request_GET_Posts,200,OK,Thread Group 1-16,text,true,,191,251,1,1,http://localhost:3000/posts/,6,0,0
1626862806631,7,HTTP Request_GET,200,OK,Thread Group 1-17,text,true,,190,265,1,1,http://localhost:3000/,7,0,1
1626862806639,3,HTTP Request_GET_Health_Check ,200,OK,Thread Group 1-17,text,true,,165,128,1,1,http://localhost:3000/health_check,3,0,0
1626862806643,5,HTTP Request_GET_Posts,200,OK,Thread Group 1-17,text,true,,191,251,1,1,http://localhost:3000/posts/,5,0,0
1626862806731,7,HTTP Request_GET,200,OK,Thread Group 1-18,text,true,,190,265,1,1,http://localhost:3000/,7,0,1
1626862806739,4,HTTP Request_GET_Health_Check ,200,OK,Thread Group 1-18,text,true,,165,128,1,1,http://localhost:3000/health_check,3,0,0
1626862806743,6,HTTP Request_GET_Posts,200,OK,Thread Group 1-18,text,true,,191,251,1,1,http://localhost:3000/posts/,6,0,0
1626862806830,7,HTTP Request_GET,200,OK,Thread Group 1-19,text,true,,190,265,1,1,http://localhost:3000/,7,0,1
1626862806838,3,HTTP Request_GET_Health_Check ,200,OK,Thread Group 1-19,text,true,,165,128,1,1,http://localhost:3000/health_check,3,0,0
1626862806842,6,HTTP Request_GET_Posts,200,OK,Thread Group 1-19,text,true,,191,251,1,1,http://localhost:3000/posts/,6,0,0
1626862806930,7,HTTP Request_GET,200,OK,Thread Group 1-20,text,true,,190,265,1,1,http://localhost:3000/,7,0,1
1626862806938,3,HTTP Request_GET_Health_Check ,200,OK,Thread Group 1-20,text,true,,165,128,1,1,http://localhost:3000/health_check,3,0,0
1626862806942,7,HTTP Request_GET_Posts,200,OK,Thread Group 1-20,text,true,,191,251,1,1,http://localhost:3000/posts/,7,0,0
1626862807029,8,HTTP Request_GET,200,OK,Thread Group 1-21,text,true,,190,265,1,1,http://localhost:3000/,8,0,1
1626862807038,3,HTTP Request_GET_Health_Check ,200,OK,Thread Group 1-21,text,true,,165,128,1,1,http://localhost:3000/health_check,3,0,0
1626862807042,6,HTTP Request_GET_Posts,200,OK,Thread Group 1-21,text,true,,191,251,1,1,http://localhost:3000/posts/,6,0,0
1626862807132,9,HTTP Request_GET,200,OK,Thread Group 1-22,text,true,,190,265,1,1,http://localhost:3000/,9,0,1
1626862807142,3,HTTP Request_GET_Health_Check ,200,OK,Thread Group 1-22,text,true,,165,128,1,1,http://localhost:3000/health_check,3,0,0
1626862807146,7,HTTP Request_GET_Posts,200,OK,Thread Group 1-22,text,true,,191,251,1,1,http://localhost:3000/posts/,7,0,0
1626862807232,8,HTTP Request_GET,200,OK,Thread Group 1-23,text,true,,190,265,1,1,http://localhost:3000/,8,0,2
1626862807241,4,HTTP Request_GET_Health_Check ,200,OK,Thread Group 1-23,text,true,,165,128,1,1,http://localhost:3000/health_check,4,0,0
1626862807246,7,HTTP Request_GET_Posts,200,OK,Thread Group 1-23,text,true,,191,251,1,1,http://localhost:3000/posts/,7,0,0
1626862807332,8,HTTP Request_GET,200,OK,Thread Group 1-24,text,true,,190,265,1,1,http://localhost:3000/,8,0,1
1626862807340,5,HTTP Request_GET_Health_Check ,200,OK,Thread Group 1-24,text,true,,165,128,1,1,http://localhost:3000/health_check,5,0,0
1626862807345,6,HTTP Request_GET_Posts,200,OK,Thread Group 1-24,text,true,,191,251,1,1,http://localhost:3000/posts/,6,0,0
1626862807435,11,HTTP Request_GET,200,OK,Thread Group 1-25,text,true,,190,265,1,1,http://localhost:3000/,11,0,1
1626862807447,4,HTTP Request_GET_Health_Check ,200,OK,Thread Group 1-25,text,true,,165,128,1,1,http://localhost:3000/health_check,3,0,0
1626862807451,5,HTTP Request_GET_Posts,200,OK,Thread Group 1-25,text,true,,191,251,1,1,http://localhost:3000/posts/,5,0,0
1626862807533,7,HTTP Request_GET,200,OK,Thread Group 1-26,text,true,,190,265,1,1,http://localhost:3000/,7,0,1
1626862807540,3,HTTP Request_GET_Health_Check ,200,OK,Thread Group 1-26,text,true,,165,128,1,1,http://localhost:3000/health_check,3,0,0
1626862807544,5,HTTP Request_GET_Posts,200,OK,Thread Group 1-26,text,true,,191,251,1,1,http://localhost:3000/posts/,5,0,0
1626862807633,8,HTTP Request_GET,200,OK,Thread Group 1-27,text,true,,190,265,1,1,http://localhost:3000/,8,0,1
1626862807642,5,HTTP Request_GET_Health_Check ,200,OK,Thread Group 1-27,text,true,,165,128,1,1,http://localhost:3000/health_check,4,0,0
1626862807647,6,HTTP Request_GET_Posts,200,OK,Thread Group 1-27,text,true,,191,251,1,1,http://localhost:3000/posts/,6,0,0
1626862807738,25,HTTP Request_GET,200,OK,Thread Group 1-28,text,true,,190,265,1,1,http://localhost:3000/,25,0,2
1626862807764,4,HTTP Request_GET_Health_Check ,200,OK,Thread Group 1-28,text,true,,165,128,1,1,http://localhost:3000/health_check,4,0,0
1626862807768,6,HTTP Request_GET_Posts,200,OK,Thread Group 1-28,text,true,,191,251,1,1,http://localhost:3000/posts/,6,0,0
1626862807834,7,HTTP Request_GET,200,OK,Thread Group 1-29,text,true,,190,265,1,1,http://localhost:3000/,7,0,1
1626862807841,4,HTTP Request_GET_Health_Check ,200,OK,Thread Group 1-29,text,true,,165,128,1,1,http://localhost:3000/health_check,4,0,0
1626862807846,5,HTTP Request_GET_Posts,200,OK,Thread Group 1-29,text,true,,191,251,1,1,http://localhost:3000/posts/,5,0,0
1626862807930,8,HTTP Request_GET,200,OK,Thread Group 1-30,text,true,,190,265,1,1,http://localhost:3000/,8,0,1
1626862807938,4,HTTP Request_GET_Health_Check ,200,OK,Thread Group 1-30,text,true,,165,128,1,1,http://localhost:3000/health_check,4,0,0
1626862807942,7,HTTP Request_GET_Posts,200,OK,Thread Group 1-30,text,true,,191,251,1,1,http://localhost:3000/posts/,7,0,0
1626862808030,13,HTTP Request_GET,200,OK,Thread Group 1-31,text,true,,190,265,1,1,http://localhost:3000/,13,0,1
1626862808043,8,HTTP Request_GET_Health_Check ,200,OK,Thread Group 1-31,text,true,,165,128,1,1,http://localhost:3000/health_check,8,0,0
1626862808051,7,HTTP Request_GET_Posts,200,OK,Thread Group 1-31,text,true,,191,251,1,1,http://localhost:3000/posts/,7,0,0
1626862808131,10,HTTP Request_GET,200,OK,Thread Group 1-32,text,true,,190,265,1,1,http://localhost:3000/,10,0,1
1626862808141,5,HTTP Request_GET_Health_Check ,200,OK,Thread Group 1-32,text,true,,165,128,1,1,http://localhost:3000/health_check,5,0,0
1626862808146,5,HTTP Request_GET_Posts,200,OK,Thread Group 1-32,text,true,,191,251,1,1,http://localhost:3000/posts/,5,0,0
1626862808231,6,HTTP Request_GET,200,OK,Thread Group 1-33,text,true,,190,265,1,1,http://localhost:3000/,6,0,1
1626862808238,4,HTTP Request_GET_Health_Check ,200,OK,Thread Group 1-33,text,true,,165,128,1,1,http://localhost:3000/health_check,4,0,0
1626862808242,6,HTTP Request_GET_Posts,200,OK,Thread Group 1-33,text,true,,191,251,1,1,http://localhost:3000/posts/,6,0,0
1626862808330,6,HTTP Request_GET,200,OK,Thread Group 1-34,text,true,,190,265,1,1,http://localhost:3000/,6,0,2
1626862808337,4,HTTP Request_GET_Health_Check ,200,OK,Thread Group 1-34,text,true,,165,128,1,1,http://localhost:3000/health_check,4,0,0
1626862808341,6,HTTP Request_GET_Posts,200,OK,Thread Group 1-34,text,true,,191,251,1,1,http://localhost:3000/posts/,6,0,0
1626862808431,8,HTTP Request_GET,200,OK,Thread Group 1-35,text,true,,190,265,1,1,http://localhost:3000/,8,0,2
1626862808440,3,HTTP Request_GET_Health_Check ,200,OK,Thread Group 1-35,text,true,,165,128,1,1,http://localhost:3000/health_check,3,0,0
1626862808443,7,HTTP Request_GET_Posts,200,OK,Thread Group 1-35,text,true,,191,251,1,1,http://localhost:3000/posts/,7,0,0
1626862808543,6,HTTP Request_GET,200,OK,Thread Group 1-36,text,true,,190,265,1,1,http://localhost:3000/,6,0,1
1626862808550,3,HTTP Request_GET_Health_Check ,200,OK,Thread Group 1-36,text,true,,165,128,1,1,http://localhost:3000/health_check,3,0,0
1626862808553,6,HTTP Request_GET_Posts,200,OK,Thread Group 1-36,text,true,,191,251,1,1,http://localhost:3000/posts/,6,0,0
1626862808632,8,HTTP Request_GET,200,OK,Thread Group 1-37,text,true,,190,265,1,1,http://localhost:3000/,7,0,1
1626862808640,3,HTTP Request_GET_Health_Check ,200,OK,Thread Group 1-37,text,true,,165,128,1,1,http://localhost:3000/health_check,3,0,0
1626862808644,5,HTTP Request_GET_Posts,200,OK,Thread Group 1-37,text,true,,191,251,1,1,http://localhost:3000/posts/,5,0,0
1626862808732,6,HTTP Request_GET,200,OK,Thread Group 1-38,text,true,,190,265,1,1,http://localhost:3000/,6,0,1
1626862808738,4,HTTP Request_GET_Health_Check ,200,OK,Thread Group 1-38,text,true,,165,128,1,1,http://localhost:3000/health_check,4,0,0
1626862808742,6,HTTP Request_GET_Posts,200,OK,Thread Group 1-38,text,true,,191,251,1,1,http://localhost:3000/posts/,6,0,0
1626862808832,6,HTTP Request_GET,200,OK,Thread Group 1-39,text,true,,190,265,1,1,http://localhost:3000/,6,0,1
1626862808838,3,HTTP Request_GET_Health_Check ,200,OK,Thread Group 1-39,text,true,,165,128,1,1,http://localhost:3000/health_check,3,0,0
1626862808842,5,HTTP Request_GET_Posts,200,OK,Thread Group 1-39,text,true,,191,251,1,1,http://localhost:3000/posts/,5,0,0
1626862808931,7,HTTP Request_GET,200,OK,Thread Group 1-40,text,true,,190,265,1,1,http://localhost:3000/,7,0,1
1626862808938,3,HTTP Request_GET_Health_Check ,200,OK,Thread Group 1-40,text,true,,165,128,1,1,http://localhost:3000/health_check,3,0,0
1626862808942,5,HTTP Request_GET_Posts,200,OK,Thread Group 1-40,text,true,,191,251,1,1,http://localhost:3000/posts/,5,0,0
1626862809031,7,HTTP Request_GET,200,OK,Thread Group 1-41,text,true,,190,265,1,1,http://localhost:3000/,6,0,1
1626862809038,3,HTTP Request_GET_Health_Check ,200,OK,Thread Group 1-41,text,true,,165,128,1,1,http://localhost:3000/health_check,3,0,0
1626862809042,5,HTTP Request_GET_Posts,200,OK,Thread Group 1-41,text,true,,191,251,1,1,http://localhost:3000/posts/,5,0,0
1626862809132,8,HTTP Request_GET,200,OK,Thread Group 1-42,text,true,,190,265,1,1,http://localhost:3000/,8,0,2
1626862809140,4,HTTP Request_GET_Health_Check ,200,OK,Thread Group 1-42,text,true,,165,128,1,1,http://localhost:3000/health_check,4,0,0
1626862809144,6,HTTP Request_GET_Posts,200,OK,Thread Group 1-42,text,true,,191,251,1,1,http://localhost:3000/posts/,6,0,0
1626862809241,7,HTTP Request_GET,200,OK,Thread Group 1-43,text,true,,190,265,1,1,http://localhost:3000/,7,0,1
1626862809248,3,HTTP Request_GET_Health_Check ,200,OK,Thread Group 1-43,text,true,,165,128,1,1,http://localhost:3000/health_check,3,0,0
1626862809252,5,HTTP Request_GET_Posts,200,OK,Thread Group 1-43,text,true,,191,251,1,1,http://localhost:3000/posts/,5,0,0
1626862809340,8,HTTP Request_GET,200,OK,Thread Group 1-44,text,true,,190,265,1,1,http://localhost:3000/,8,0,2
1626862809349,3,HTTP Request_GET_Health_Check ,200,OK,Thread Group 1-44,text,true,,165,128,1,1,http://localhost:3000/health_check,3,0,0
1626862809352,8,HTTP Request_GET_Posts,200,OK,Thread Group 1-44,text,true,,191,251,1,1,http://localhost:3000/posts/,8,0,0
1626862809431,7,HTTP Request_GET,200,OK,Thread Group 1-45,text,true,,190,265,1,1,http://localhost:3000/,7,0,2
1626862809439,3,HTTP Request_GET_Health_Check ,200,OK,Thread Group 1-45,text,true,,165,128,1,1,http://localhost:3000/health_check,3,0,0
1626862809443,5,HTTP Request_GET_Posts,200,OK,Thread Group 1-45,text,true,,191,251,1,1,http://localhost:3000/posts/,5,0,0
1626862809539,8,HTTP Request_GET,200,OK,Thread Group 1-46,text,true,,190,265,1,1,http://localhost:3000/,8,0,2
1626862809548,3,HTTP Request_GET_Health_Check ,200,OK,Thread Group 1-46,text,true,,165,128,1,1,http://localhost:3000/health_check,3,0,0
1626862809551,7,HTTP Request_GET_Posts,200,OK,Thread Group 1-46,text,true,,191,251,1,1,http://localhost:3000/posts/,7,0,0
1626862809630,8,HTTP Request_GET,200,OK,Thread Group 1-47,text,true,,190,265,1,1,http://localhost:3000/,8,0,2
1626862809638,4,HTTP Request_GET_Health_Check ,200,OK,Thread Group 1-47,text,true,,165,128,1,1,http://localhost:3000/health_check,4,0,0
1626862809643,5,HTTP Request_GET_Posts,200,OK,Thread Group 1-47,text,true,,191,251,1,1,http://localhost:3000/posts/,5,0,0
1626862809739,6,HTTP Request_GET,200,OK,Thread Group 1-48,text,true,,190,265,1,1,http://localhost:3000/,6,0,1
1626862809746,4,HTTP Request_GET_Health_Check ,200,OK,Thread Group 1-48,text,true,,165,128,1,1,http://localhost:3000/health_check,4,0,0
1626862809750,6,HTTP Request_GET_Posts,200,OK,Thread Group 1-48,text,true,,191,251,1,1,http://localhost:3000/posts/,6,0,0
1626862809832,5,HTTP Request_GET,200,OK,Thread Group 1-49,text,true,,190,265,1,1,http://localhost:3000/,5,0,1
1626862809838,4,HTTP Request_GET_Health_Check ,200,OK,Thread Group 1-49,text,true,,165,128,1,1,http://localhost:3000/health_check,4,0,0
1626862809842,6,HTTP Request_GET_Posts,200,OK,Thread Group 1-49,text,true,,191,251,1,1,http://localhost:3000/posts/,6,0,0
1626862809931,7,HTTP Request_GET,200,OK,Thread Group 1-50,text,true,,190,265,1,1,http://localhost:3000/,7,0,1
1626862809939,4,HTTP Request_GET_Health_Check ,200,OK,Thread Group 1-50,text,true,,165,128,1,1,http://localhost:3000/health_check,3,0,0
1626862809943,7,HTTP Request_GET_Posts,200,OK,Thread Group 1-50,text,true,,191,251,1,1,http://localhost:3000/posts/,7,0,0
1626862810032,7,HTTP Request_GET,200,OK,Thread Group 1-51,text,true,,190,265,1,1,http://localhost:3000/,7,0,1
1626862810039,5,HTTP Request_GET_Health_Check ,200,OK,Thread Group 1-51,text,true,,165,128,1,1,http://localhost:3000/health_check,5,0,0
1626862810044,6,HTTP Request_GET_Posts,200,OK,Thread Group 1-51,text,true,,191,251,1,1,http://localhost:3000/posts/,6,0,0
1626862810137,9,HTTP Request_GET,200,OK,Thread Group 1-52,text,true,,190,265,1,1,http://localhost:3000/,9,0,1
1626862810146,4,HTTP Request_GET_Health_Check ,200,OK,Thread Group 1-52,text,true,,165,128,1,1,http://localhost:3000/health_check,4,0,0
1626862810151,5,HTTP Request_GET_Posts,200,OK,Thread Group 1-52,text,true,,191,251,1,1,http://localhost:3000/posts/,5,0,0
1626862810230,8,HTTP Request_GET,200,OK,Thread Group 1-53,text,true,,190,265,1,1,http://localhost:3000/,8,0,2
1626862810238,4,HTTP Request_GET_Health_Check ,200,OK,Thread Group 1-53,text,true,,165,128,1,1,http://localhost:3000/health_check,4,0,0
1626862810243,6,HTTP Request_GET_Posts,200,OK,Thread Group 1-53,text,true,,191,251,1,1,http://localhost:3000/posts/,6,0,0
1626862810331,6,HTTP Request_GET,200,OK,Thread Group 1-54,text,true,,190,265,1,1,http://localhost:3000/,6,0,1
1626862810338,3,HTTP Request_GET_Health_Check ,200,OK,Thread Group 1-54,text,true,,165,128,1,1,http://localhost:3000/health_check,3,0,0
1626862810341,6,HTTP Request_GET_Posts,200,OK,Thread Group 1-54,text,true,,191,251,1,1,http://localhost:3000/posts/,6,0,0
1626862810431,8,HTTP Request_GET,200,OK,Thread Group 1-55,text,true,,190,265,1,1,http://localhost:3000/,8,0,2
1626862810439,4,HTTP Request_GET_Health_Check ,200,OK,Thread Group 1-55,text,true,,165,128,1,1,http://localhost:3000/health_check,4,0,0
1626862810443,6,HTTP Request_GET_Posts,200,OK,Thread Group 1-55,text,true,,191,251,1,1,http://localhost:3000/posts/,6,0,0
1626862810530,8,HTTP Request_GET,200,OK,Thread Group 1-56,text,true,,190,265,1,1,http://localhost:3000/,8,0,3
1626862810538,4,HTTP Request_GET_Health_Check ,200,OK,Thread Group 1-56,text,true,,165,128,1,1,http://localhost:3000/health_check,4,0,0
1626862810542,6,HTTP Request_GET_Posts,200,OK,Thread Group 1-56,text,true,,191,251,1,1,http://localhost:3000/posts/,6,0,0
1626862810631,8,HTTP Request_GET,200,OK,Thread Group 1-57,text,true,,190,265,1,1,http://localhost:3000/,8,0,1
1626862810639,4,HTTP Request_GET_Health_Check ,200,OK,Thread Group 1-57,text,true,,165,128,1,1,http://localhost:3000/health_check,4,0,0
1626862810644,9,HTTP Request_GET_Posts,200,OK,Thread Group 1-57,text,true,,191,251,1,1,http://localhost:3000/posts/,9,0,0
1626862810731,7,HTTP Request_GET,200,OK,Thread Group 1-58,text,true,,190,265,1,1,http://localhost:3000/,7,0,2
1626862810739,3,HTTP Request_GET_Health_Check ,200,OK,Thread Group 1-58,text,true,,165,128,1,1,http://localhost:3000/health_check,3,0,0
1626862810743,4,HTTP Request_GET_Posts,200,OK,Thread Group 1-58,text,true,,191,251,1,1,http://localhost:3000/posts/,4,0,0
1626862810834,10,HTTP Request_GET,200,OK,Thread Group 1-59,text,true,,190,265,1,1,http://localhost:3000/,10,0,1
1626862810845,8,HTTP Request_GET_Health_Check ,200,OK,Thread Group 1-59,text,true,,165,128,1,1,http://localhost:3000/health_check,8,0,0
1626862810853,6,HTTP Request_GET_Posts,200,OK,Thread Group 1-59,text,true,,191,251,1,1,http://localhost:3000/posts/,6,0,0
1626862810933,11,HTTP Request_GET,200,OK,Thread Group 1-60,text,true,,190,265,1,1,http://localhost:3000/,11,0,2
1626862810944,4,HTTP Request_GET_Health_Check ,200,OK,Thread Group 1-60,text,true,,165,128,1,1,http://localhost:3000/health_check,4,0,0
1626862810948,7,HTTP Request_GET_Posts,200,OK,Thread Group 1-60,text,true,,191,251,1,1,http://localhost:3000/posts/,7,0,0
1626862811034,15,HTTP Request_GET,200,OK,Thread Group 1-61,text,true,,190,265,1,1,http://localhost:3000/,15,0,2
1626862811049,5,HTTP Request_GET_Health_Check ,200,OK,Thread Group 1-61,text,true,,165,128,1,1,http://localhost:3000/health_check,5,0,0
1626862811054,8,HTTP Request_GET_Posts,200,OK,Thread Group 1-61,text,true,,191,251,1,1,http://localhost:3000/posts/,8,0,0
1626862811136,10,HTTP Request_GET,200,OK,Thread Group 1-62,text,true,,190,265,1,1,http://localhost:3000/,10,0,1
1626862811147,3,HTTP Request_GET_Health_Check ,200,OK,Thread Group 1-62,text,true,,165,128,1,1,http://localhost:3000/health_check,3,0,0
1626862811151,6,HTTP Request_GET_Posts,200,OK,Thread Group 1-62,text,true,,191,251,1,1,http://localhost:3000/posts/,5,0,0
1626862811235,9,HTTP Request_GET,200,OK,Thread Group 1-63,text,true,,190,265,1,1,http://localhost:3000/,9,0,2
1626862811245,12,HTTP Request_GET_Health_Check ,200,OK,Thread Group 1-63,text,true,,165,128,1,1,http://localhost:3000/health_check,12,0,0
1626862811257,7,HTTP Request_GET_Posts,200,OK,Thread Group 1-63,text,true,,191,251,1,1,http://localhost:3000/posts/,7,0,0
1626862811332,7,HTTP Request_GET,200,OK,Thread Group 1-64,text,true,,190,265,1,1,http://localhost:3000/,7,0,1
1626862811340,4,HTTP Request_GET_Health_Check ,200,OK,Thread Group 1-64,text,true,,165,128,1,1,http://localhost:3000/health_check,4,0,0
1626862811344,5,HTTP Request_GET_Posts,200,OK,Thread Group 1-64,text,true,,191,251,1,1,http://localhost:3000/posts/,5,0,0
1626862811432,27,HTTP Request_GET,200,OK,Thread Group 1-65,text,true,,190,265,1,1,http://localhost:3000/,27,0,21
1626862811460,3,HTTP Request_GET_Health_Check ,200,OK,Thread Group 1-65,text,true,,165,128,1,1,http://localhost:3000/health_check,3,0,0
1626862811464,5,HTTP Request_GET_Posts,200,OK,Thread Group 1-65,text,true,,191,251,1,1,http://localhost:3000/posts/,5,0,0
1626862811532,8,HTTP Request_GET,200,OK,Thread Group 1-66,text,true,,190,265,1,1,http://localhost:3000/,8,0,2
1626862811540,4,HTTP Request_GET_Health_Check ,200,OK,Thread Group 1-66,text,true,,165,128,1,1,http://localhost:3000/health_check,4,0,0
1626862811545,6,HTTP Request_GET_Posts,200,OK,Thread Group 1-66,text,true,,191,251,1,1,http://localhost:3000/posts/,6,0,0
1626862811632,6,HTTP Request_GET,200,OK,Thread Group 1-67,text,true,,190,265,1,1,http://localhost:3000/,6,0,1
1626862811639,3,HTTP Request_GET_Health_Check ,200,OK,Thread Group 1-67,text,true,,165,128,1,1,http://localhost:3000/health_check,3,0,0
1626862811643,5,HTTP Request_GET_Posts,200,OK,Thread Group 1-67,text,true,,191,251,1,1,http://localhost:3000/posts/,5,0,0
1626862811734,8,HTTP Request_GET,200,OK,Thread Group 1-68,text,true,,190,265,1,1,http://localhost:3000/,8,0,1
1626862811742,4,HTTP Request_GET_Health_Check ,200,OK,Thread Group 1-68,text,true,,165,128,1,1,http://localhost:3000/health_check,4,0,0
1626862811748,8,HTTP Request_GET_Posts,200,OK,Thread Group 1-68,text,true,,191,251,1,1,http://localhost:3000/posts/,8,0,0
1626862811830,8,HTTP Request_GET,200,OK,Thread Group 1-69,text,true,,190,265,1,1,http://localhost:3000/,8,0,1
1626862811839,3,HTTP Request_GET_Health_Check ,200,OK,Thread Group 1-69,text,true,,165,128,1,1,http://localhost:3000/health_check,3,0,0
1626862811843,5,HTTP Request_GET_Posts,200,OK,Thread Group 1-69,text,true,,191,251,1,1,http://localhost:3000/posts/,5,0,0
1626862811932,9,HTTP Request_GET,200,OK,Thread Group 1-70,text,true,,190,265,1,1,http://localhost:3000/,9,0,1
1626862811941,5,HTTP Request_GET_Health_Check ,200,OK,Thread Group 1-70,text,true,,165,128,1,1,http://localhost:3000/health_check,4,0,0
1626862811946,6,HTTP Request_GET_Posts,200,OK,Thread Group 1-70,text,true,,191,251,1,1,http://localhost:3000/posts/,6,0,0
1626862812033,7,HTTP Request_GET,200,OK,Thread Group 1-71,text,true,,190,265,1,1,http://localhost:3000/,7,0,1
1626862812041,4,HTTP Request_GET_Health_Check ,200,OK,Thread Group 1-71,text,true,,165,128,1,1,http://localhost:3000/health_check,4,0,0
1626862812045,5,HTTP Request_GET_Posts,200,OK,Thread Group 1-71,text,true,,191,251,1,1,http://localhost:3000/posts/,5,0,0
1626862812130,6,HTTP Request_GET,200,OK,Thread Group 1-72,text,true,,190,265,1,1,http://localhost:3000/,6,0,1
1626862812137,3,HTTP Request_GET_Health_Check ,200,OK,Thread Group 1-72,text,true,,165,128,1,1,http://localhost:3000/health_check,3,0,0
1626862812140,6,HTTP Request_GET_Posts,200,OK,Thread Group 1-72,text,true,,191,251,1,1,http://localhost:3000/posts/,6,0,0
1626862812232,6,HTTP Request_GET,200,OK,Thread Group 1-73,text,true,,190,265,1,1,http://localhost:3000/,6,0,1
1626862812238,4,HTTP Request_GET_Health_Check ,200,OK,Thread Group 1-73,text,true,,165,128,1,1,http://localhost:3000/health_check,4,0,0
1626862812242,6,HTTP Request_GET_Posts,200,OK,Thread Group 1-73,text,true,,191,251,1,1,http://localhost:3000/posts/,5,0,0
1626862812331,7,HTTP Request_GET,200,OK,Thread Group 1-74,text,true,,190,265,1,1,http://localhost:3000/,7,0,2
1626862812338,3,HTTP Request_GET_Health_Check ,200,OK,Thread Group 1-74,text,true,,165,128,1,1,http://localhost:3000/health_check,3,0,0
1626862812342,4,HTTP Request_GET_Posts,200,OK,Thread Group 1-74,text,true,,191,251,1,1,http://localhost:3000/posts/,4,0,0
1626862812432,6,HTTP Request_GET,200,OK,Thread Group 1-75,text,true,,190,265,1,1,http://localhost:3000/,6,0,1
1626862812439,3,HTTP Request_GET_Health_Check ,200,OK,Thread Group 1-75,text,true,,165,128,1,1,http://localhost:3000/health_check,3,0,0
1626862812443,6,HTTP Request_GET_Posts,200,OK,Thread Group 1-75,text,true,,191,251,1,1,http://localhost:3000/posts/,6,0,0
1626862812532,6,HTTP Request_GET,200,OK,Thread Group 1-76,text,true,,190,265,1,1,http://localhost:3000/,6,0,1
1626862812539,3,HTTP Request_GET_Health_Check ,200,OK,Thread Group 1-76,text,true,,165,128,1,1,http://localhost:3000/health_check,3,0,0
1626862812542,5,HTTP Request_GET_Posts,200,OK,Thread Group 1-76,text,true,,191,251,1,1,http://localhost:3000/posts/,5,0,0
1626862812631,7,HTTP Request_GET,200,OK,Thread Group 1-77,text,true,,190,265,1,1,http://localhost:3000/,6,0,1
1626862812638,3,HTTP Request_GET_Health_Check ,200,OK,Thread Group 1-77,text,true,,165,128,1,1,http://localhost:3000/health_check,3,0,0
1626862812641,5,HTTP Request_GET_Posts,200,OK,Thread Group 1-77,text,true,,191,251,1,1,http://localhost:3000/posts/,5,0,0
1626862812730,5,HTTP Request_GET,200,OK,Thread Group 1-78,text,true,,190,265,1,1,http://localhost:3000/,5,0,1
1626862812736,3,HTTP Request_GET_Health_Check ,200,OK,Thread Group 1-78,text,true,,165,128,1,1,http://localhost:3000/health_check,3,0,0
1626862812739,5,HTTP Request_GET_Posts,200,OK,Thread Group 1-78,text,true,,191,251,1,1,http://localhost:3000/posts/,5,0,0
1626862812831,7,HTTP Request_GET,200,OK,Thread Group 1-79,text,true,,190,265,1,1,http://localhost:3000/,7,0,2
1626862812838,4,HTTP Request_GET_Health_Check ,200,OK,Thread Group 1-79,text,true,,165,128,1,1,http://localhost:3000/health_check,4,0,0
1626862812842,5,HTTP Request_GET_Posts,200,OK,Thread Group 1-79,text,true,,191,251,1,1,http://localhost:3000/posts/,5,0,0
1626862812932,6,HTTP Request_GET,200,OK,Thread Group 1-80,text,true,,190,265,1,1,http://localhost:3000/,6,0,2
1626862812939,3,HTTP Request_GET_Health_Check ,200,OK,Thread Group 1-80,text,true,,165,128,1,1,http://localhost:3000/health_check,3,0,0
1626862812943,5,HTTP Request_GET_Posts,200,OK,Thread Group 1-80,text,true,,191,251,1,1,http://localhost:3000/posts/,5,0,0
1626862813032,7,HTTP Request_GET,200,OK,Thread Group 1-81,text,true,,190,265,1,1,http://localhost:3000/,7,0,1
1626862813039,4,HTTP Request_GET_Health_Check ,200,OK,Thread Group 1-81,text,true,,165,128,1,1,http://localhost:3000/health_check,4,0,0
1626862813043,6,HTTP Request_GET_Posts,200,OK,Thread Group 1-81,text,true,,191,251,1,1,http://localhost:3000/posts/,6,0,0
1626862813137,6,HTTP Request_GET,200,OK,Thread Group 1-82,text,true,,190,265,1,1,http://localhost:3000/,6,0,1
1626862813143,4,HTTP Request_GET_Health_Check ,200,OK,Thread Group 1-82,text,true,,165,128,1,1,http://localhost:3000/health_check,4,0,0
1626862813147,5,HTTP Request_GET_Posts,200,OK,Thread Group 1-82,text,true,,191,251,1,1,http://localhost:3000/posts/,5,0,0
1626862813231,9,HTTP Request_GET,200,OK,Thread Group 1-83,text,true,,190,265,1,1,http://localhost:3000/,9,0,1
1626862813241,4,HTTP Request_GET_Health_Check ,200,OK,Thread Group 1-83,text,true,,165,128,1,1,http://localhost:3000/health_check,4,0,0
1626862813245,7,HTTP Request_GET_Posts,200,OK,Thread Group 1-83,text,true,,191,251,1,1,http://localhost:3000/posts/,7,0,0
1626862813332,6,HTTP Request_GET,200,OK,Thread Group 1-84,text,true,,190,265,1,1,http://localhost:3000/,6,0,1
1626862813338,4,HTTP Request_GET_Health_Check ,200,OK,Thread Group 1-84,text,true,,165,128,1,1,http://localhost:3000/health_check,3,0,0
1626862813342,5,HTTP Request_GET_Posts,200,OK,Thread Group 1-84,text,true,,191,251,1,1,http://localhost:3000/posts/,5,0,0
1626862813433,6,HTTP Request_GET,200,OK,Thread Group 1-85,text,true,,190,265,1,1,http://localhost:3000/,6,0,1
1626862813440,3,HTTP Request_GET_Health_Check ,200,OK,Thread Group 1-85,text,true,,165,128,1,1,http://localhost:3000/health_check,3,0,0
1626862813443,6,HTTP Request_GET_Posts,200,OK,Thread Group 1-85,text,true,,191,251,1,1,http://localhost:3000/posts/,6,0,0
1626862813532,5,HTTP Request_GET,200,OK,Thread Group 1-86,text,true,,190,265,1,1,http://localhost:3000/,5,0,1
1626862813538,3,HTTP Request_GET_Health_Check ,200,OK,Thread Group 1-86,text,true,,165,128,1,1,http://localhost:3000/health_check,3,0,0
1626862813541,5,HTTP Request_GET_Posts,200,OK,Thread Group 1-86,text,true,,191,251,1,1,http://localhost:3000/posts/,5,0,0
1626862813634,7,HTTP Request_GET,200,OK,Thread Group 1-87,text,true,,190,265,1,1,http://localhost:3000/,7,0,1
1626862813641,4,HTTP Request_GET_Health_Check ,200,OK,Thread Group 1-87,text,true,,165,128,1,1,http://localhost:3000/health_check,4,0,0
1626862813645,5,HTTP Request_GET_Posts,200,OK,Thread Group 1-87,text,true,,191,251,1,1,http://localhost:3000/posts/,5,0,0
1626862813734,6,HTTP Request_GET,200,OK,Thread Group 1-88,text,true,,190,265,1,1,http://localhost:3000/,6,0,1
1626862813740,4,HTTP Request_GET_Health_Check ,200,OK,Thread Group 1-88,text,true,,165,128,1,1,http://localhost:3000/health_check,4,0,0
1626862813744,5,HTTP Request_GET_Posts,200,OK,Thread Group 1-88,text,true,,191,251,1,1,http://localhost:3000/posts/,5,0,0
1626862813833,7,HTTP Request_GET,200,OK,Thread Group 1-89,text,true,,190,265,1,1,http://localhost:3000/,7,0,1
1626862813840,3,HTTP Request_GET_Health_Check ,200,OK,Thread Group 1-89,text,true,,165,128,1,1,http://localhost:3000/health_check,3,0,0
1626862813844,5,HTTP Request_GET_Posts,200,OK,Thread Group 1-89,text,true,,191,251,1,1,http://localhost:3000/posts/,5,0,0
1626862813936,6,HTTP Request_GET,200,OK,Thread Group 1-90,text,true,,190,265,1,1,http://localhost:3000/,6,0,1
1626862813942,3,HTTP Request_GET_Health_Check ,200,OK,Thread Group 1-90,text,true,,165,128,1,1,http://localhost:3000/health_check,3,0,0
1626862813945,6,HTTP Request_GET_Posts,200,OK,Thread Group 1-90,text,true,,191,251,1,1,http://localhost:3000/posts/,6,0,0
1626862814030,6,HTTP Request_GET,200,OK,Thread Group 1-91,text,true,,190,265,1,1,http://localhost:3000/,6,0,1
1626862814037,3,HTTP Request_GET_Health_Check ,200,OK,Thread Group 1-91,text,true,,165,128,1,1,http://localhost:3000/health_check,3,0,0
1626862814040,5,HTTP Request_GET_Posts,200,OK,Thread Group 1-91,text,true,,191,251,1,1,http://localhost:3000/posts/,5,0,0
1626862814130,6,HTTP Request_GET,200,OK,Thread Group 1-92,text,true,,190,265,1,1,http://localhost:3000/,6,0,1
1626862814137,3,HTTP Request_GET_Health_Check ,200,OK,Thread Group 1-92,text,true,,165,128,1,1,http://localhost:3000/health_check,3,0,0
1626862814140,5,HTTP Request_GET_Posts,200,OK,Thread Group 1-92,text,true,,191,251,1,1,http://localhost:3000/posts/,5,0,0
1626862814232,7,HTTP Request_GET,200,OK,Thread Group 1-93,text,true,,190,265,1,1,http://localhost:3000/,7,0,2
1626862814239,4,HTTP Request_GET_Health_Check ,200,OK,Thread Group 1-93,text,true,,165,128,1,1,http://localhost:3000/health_check,4,0,0
1626862814243,5,HTTP Request_GET_Posts,200,OK,Thread Group 1-93,text,true,,191,251,1,1,http://localhost:3000/posts/,5,0,0
1626862814332,6,HTTP Request_GET,200,OK,Thread Group 1-94,text,true,,190,265,1,1,http://localhost:3000/,6,0,1
1626862814339,3,HTTP Request_GET_Health_Check ,200,OK,Thread Group 1-94,text,true,,165,128,1,1,http://localhost:3000/health_check,3,0,0
1626862814342,5,HTTP Request_GET_Posts,200,OK,Thread Group 1-94,text,true,,191,251,1,1,http://localhost:3000/posts/,5,0,0
1626862814431,7,HTTP Request_GET,200,OK,Thread Group 1-95,text,true,,190,265,1,1,http://localhost:3000/,7,0,2
1626862814438,3,HTTP Request_GET_Health_Check ,200,OK,Thread Group 1-95,text,true,,165,128,1,1,http://localhost:3000/health_check,3,0,0
1626862814442,4,HTTP Request_GET_Posts,200,OK,Thread Group 1-95,text,true,,191,251,1,1,http://localhost:3000/posts/,4,0,0
1626862814531,8,HTTP Request_GET,200,OK,Thread Group 1-96,text,true,,190,265,1,1,http://localhost:3000/,8,0,2
1626862814539,4,HTTP Request_GET_Health_Check ,200,OK,Thread Group 1-96,text,true,,165,128,1,1,http://localhost:3000/health_check,4,0,0
1626862814543,6,HTTP Request_GET_Posts,200,OK,Thread Group 1-96,text,true,,191,251,1,1,http://localhost:3000/posts/,6,0,0
1626862814631,9,HTTP Request_GET,200,OK,Thread Group 1-97,text,true,,190,265,1,1,http://localhost:3000/,8,0,1
1626862814640,3,HTTP Request_GET_Health_Check ,200,OK,Thread Group 1-97,text,true,,165,128,1,1,http://localhost:3000/health_check,3,0,0
1626862814644,5,HTTP Request_GET_Posts,200,OK,Thread Group 1-97,text,true,,191,251,1,1,http://localhost:3000/posts/,5,0,0
1626862814731,6,HTTP Request_GET,200,OK,Thread Group 1-98,text,true,,190,265,1,1,http://localhost:3000/,6,0,1
1626862814737,3,HTTP Request_GET_Health_Check ,200,OK,Thread Group 1-98,text,true,,165,128,1,1,http://localhost:3000/health_check,3,0,0
1626862814740,11,HTTP Request_GET_Posts,200,OK,Thread Group 1-98,text,true,,191,251,1,1,http://localhost:3000/posts/,11,0,0
1626862814832,6,HTTP Request_GET,200,OK,Thread Group 1-99,text,true,,190,265,1,1,http://localhost:3000/,6,0,1
1626862814838,4,HTTP Request_GET_Health_Check ,200,OK,Thread Group 1-99,text,true,,165,128,1,1,http://localhost:3000/health_check,4,0,0
1626862814842,5,HTTP Request_GET_Posts,200,OK,Thread Group 1-99,text,true,,191,251,1,1,http://localhost:3000/posts/,5,0,0
1626862814931,7,HTTP Request_GET,200,OK,Thread Group 1-100,text,true,,190,265,1,1,http://localhost:3000/,7,0,1
1626862814939,3,HTTP Request_GET_Health_Check ,200,OK,Thread Group 1-100,text,true,,165,128,1,1,http://localhost:3000/health_check,3,0,0
1626862814942,6,HTTP Request_GET_Posts,200,OK,Thread Group 1-100,text,true,,191,251,1,1,http://localhost:3000/posts/,6,0,0
